method,pdt,repl,type,mrae
trmf,0.1,1,overall,0.26657789717236846
trmf,0.1,1,w,0.48121055847355937
trmf,0.1,1,o,7.973803691372377e-05
trmf,0.1,10,overall,0.25412901384989434
trmf,0.1,10,w,0.4595986542729205
trmf,0.1,10,o,9.288474976243535e-05
trmf,0.1,100,overall,0.2573630883039438
trmf,0.1,100,w,0.4664088573538379
trmf,0.1,100,o,9.96605902158991e-05
trmf,0.1,11,overall,0.2523695305547114
trmf,0.1,11,w,0.45806007914202557
trmf,0.1,11,o,8.992114736799511e-05
trmf,0.1,12,overall,0.2511630630655144
trmf,0.1,12,w,0.4553274769863587
trmf,0.1,12,o,8.758812864852936e-05
trmf,0.1,13,overall,0.2608268999211661
trmf,0.1,13,w,0.47144602467350105
trmf,0.1,13,o,9.616846384421856e-05
trmf,0.1,14,overall,0.25936724820452606
trmf,0.1,14,w,0.46897414482307576
trmf,0.1,14,o,8.841034267258652e-05
trmf,0.1,15,overall,0.26016142301790834
trmf,0.1,15,w,0.4701030647048872
trmf,0.1,15,o,9.141851456303768e-05
trmf,0.1,16,overall,0.25311929216473245
trmf,0.1,16,w,0.4581689565272016
trmf,0.1,16,o,8.439842946219058e-05
trmf,0.1,17,overall,0.25504096951768285
trmf,0.1,17,w,0.46275030817063506
trmf,0.1,17,o,7.823627570330963e-05
trmf,0.1,18,overall,0.2600570687211453
trmf,0.1,18,w,0.46829830253851934
trmf,0.1,18,o,8.733299681834287e-05
trmf,0.1,19,overall,0.2585231948457355
trmf,0.1,19,w,0.4660770877550361
trmf,0.1,19,o,8.779738765886553e-05
trmf,0.1,2,overall,0.25928862524871704
trmf,0.1,2,w,0.4691493534988583
trmf,0.1,2,o,9.046857160614317e-05
trmf,0.1,20,overall,0.2557495360210507
trmf,0.1,20,w,0.46147638567586946
trmf,0.1,20,o,8.633389893371413e-05
trmf,0.1,21,overall,0.25716487298863566
trmf,0.1,21,w,0.46618063571300694
trmf,0.1,21,o,9.042831252903779e-05
trmf,0.1,22,overall,0.25854290415845343
trmf,0.1,22,w,0.4667226739032958
trmf,0.1,22,o,8.69539937632136e-05
trmf,0.1,23,overall,0.2551135671416545
trmf,0.1,23,w,0.4644539926446939
trmf,0.1,23,o,9.287469986584176e-05
trmf,0.1,24,overall,0.26317535680963833
trmf,0.1,24,w,0.47798996364060153
trmf,0.1,24,o,8.504992200055913e-05
trmf,0.1,25,overall,0.25366082549574565
trmf,0.1,25,w,0.46282603674483763
trmf,0.1,25,o,9.325993799967176e-05
trmf,0.1,26,overall,0.2536641346795857
trmf,0.1,26,w,0.4599201901063385
trmf,0.1,26,o,8.886071985159974e-05
trmf,0.1,27,overall,0.25435457426736074
trmf,0.1,27,w,0.45969191946045806
trmf,0.1,27,o,9.253397971802301e-05
trmf,0.1,28,overall,0.25583341536514803
trmf,0.1,28,w,0.4630956395942589
trmf,0.1,28,o,8.672290984877151e-05
trmf,0.1,29,overall,0.2621011073620095
trmf,0.1,29,w,0.4737826469321203
trmf,0.1,29,o,8.63644034637301e-05
trmf,0.1,3,overall,0.2586783533283044
trmf,0.1,3,w,0.4699082218366346
trmf,0.1,3,o,8.916878194384898e-05
trmf,0.1,30,overall,0.2521242239638985
trmf,0.1,30,w,0.4593601505476194
trmf,0.1,30,o,8.37306902230314e-05
trmf,0.1,31,overall,0.2609781363180216
trmf,0.1,31,w,0.47088751289520525
trmf,0.1,31,o,8.601137469031571e-05
trmf,0.1,32,overall,0.2589753375545535
trmf,0.1,32,w,0.4694937043704662
trmf,0.1,32,o,9.87065807616499e-05
trmf,0.1,33,overall,0.2504384428275191
trmf,0.1,33,w,0.4543819586721876
trmf,0.1,33,o,9.414574816883842e-05
trmf,0.1,34,overall,0.2565914205824664
trmf,0.1,34,w,0.465458331895929
trmf,0.1,34,o,9.007061155987755e-05
trmf,0.1,35,overall,0.2531573759109044
trmf,0.1,35,w,0.4573714470821764
trmf,0.1,35,o,8.961524298237656e-05
trmf,0.1,36,overall,0.2574216521682113
trmf,0.1,36,w,0.46753506546185725
trmf,0.1,36,o,8.904709013533392e-05
trmf,0.1,37,overall,0.2527929386932874
trmf,0.1,37,w,0.45929452531946596
trmf,0.1,37,o,8.797326238170028e-05
trmf,0.1,38,overall,0.2601465550410832
trmf,0.1,38,w,0.4661651904742119
trmf,0.1,38,o,8.82070964952507e-05
trmf,0.1,39,overall,0.2560232076829829
trmf,0.1,39,w,0.4646801265118563
trmf,0.1,39,o,8.522669073512861e-05
trmf,0.1,4,overall,0.25678232584367433
trmf,0.1,4,w,0.4659918935898104
trmf,0.1,4,o,8.23932175518937e-05
trmf,0.1,40,overall,0.25740626714344994
trmf,0.1,40,w,0.4656394589637375
trmf,0.1,40,o,8.758889644010923e-05
trmf,0.1,41,overall,0.2551929798462022
trmf,0.1,41,w,0.461538621663991
trmf,0.1,41,o,8.642314472989062e-05
trmf,0.1,42,overall,0.2654212163483679
trmf,0.1,42,w,0.47909034607695156
trmf,0.1,42,o,0.00010095165389672448
trmf,0.1,43,overall,0.25844112420278637
trmf,0.1,43,w,0.4659357985425069
trmf,0.1,43,o,8.633431526722083e-05
trmf,0.1,44,overall,0.25925949182156277
trmf,0.1,44,w,0.4693214798011955
trmf,0.1,44,o,8.45635832959346e-05
trmf,0.1,45,overall,0.2564273618662674
trmf,0.1,45,w,0.46530456722169816
trmf,0.1,45,o,8.232681263027043e-05
trmf,0.1,46,overall,0.251939538143253
trmf,0.1,46,w,0.4565774430738603
trmf,0.1,46,o,8.412274139000149e-05
trmf,0.1,47,overall,0.26484489194656924
trmf,0.1,47,w,0.47791436367260004
trmf,0.1,47,o,8.753206886891863e-05
trmf,0.1,48,overall,0.253232557483284
trmf,0.1,48,w,0.4590988665836107
trmf,0.1,48,o,9.65585280722859e-05
trmf,0.1,49,overall,0.26190188361169153
trmf,0.1,49,w,0.4735512363678013
trmf,0.1,49,o,9.13867812325379e-05
trmf,0.1,5,overall,0.2527594835239011
trmf,0.1,5,w,0.4605473587042402
trmf,0.1,5,o,9.037722904812901e-05
trmf,0.1,50,overall,0.2596312484037152
trmf,0.1,50,w,0.46776696911657156
trmf,0.1,50,o,8.480088911173091e-05
trmf,0.1,51,overall,0.25873590493221393
trmf,0.1,51,w,0.46779358134413473
trmf,0.1,51,o,8.60362204935095e-05
trmf,0.1,52,overall,0.2570064472904348
trmf,0.1,52,w,0.46662220682758937
trmf,0.1,52,o,8.757317887857109e-05
trmf,0.1,53,overall,0.2584601621651857
trmf,0.1,53,w,0.4670161571583018
trmf,0.1,53,o,9.469482571741839e-05
trmf,0.1,54,overall,0.2555694422201364
trmf,0.1,54,w,0.4609711198650939
trmf,0.1,54,o,9.24720663085446e-05
trmf,0.1,55,overall,0.2517706373462074
trmf,0.1,55,w,0.45606205130864
trmf,0.1,55,o,8.774429014456613e-05
trmf,0.1,56,overall,0.26363452351740485
trmf,0.1,56,w,0.47510506108589284
trmf,0.1,56,o,8.924908202771032e-05
trmf,0.1,57,overall,0.2658900167119188
trmf,0.1,57,w,0.4804165994843102
trmf,0.1,57,o,9.723274212350712e-05
trmf,0.1,58,overall,0.2603380230475598
trmf,0.1,58,w,0.47047538452844717
trmf,0.1,58,o,9.184900462978035e-05
trmf,0.1,59,overall,0.25626806004839037
trmf,0.1,59,w,0.46560993056837074
trmf,0.1,59,o,9.317526942365797e-05
trmf,0.1,6,overall,0.2523036353183097
trmf,0.1,6,w,0.4598794810038019
trmf,0.1,6,o,9.298584416166375e-05
trmf,0.1,60,overall,0.26544075205650575
trmf,0.1,60,w,0.47802811719111743
trmf,0.1,60,o,8.5966025090561e-05
trmf,0.1,61,overall,0.25402483088621036
trmf,0.1,61,w,0.46199906309644273
trmf,0.1,61,o,8.942365594217292e-05
trmf,0.1,62,overall,0.2580157034354665
trmf,0.1,62,w,0.467531211524902
trmf,0.1,62,o,8.604196055343651e-05
trmf,0.1,63,overall,0.2568339363461284
trmf,0.1,63,w,0.4650712313216159
trmf,0.1,63,o,8.87879172690619e-05
trmf,0.1,64,overall,0.25903278061280627
trmf,0.1,64,w,0.4695548769378866
trmf,0.1,64,o,8.354262159349328e-05
trmf,0.1,65,overall,0.25483803141436057
trmf,0.1,65,w,0.4613606514959099
trmf,0.1,65,o,8.537424022765825e-05
trmf,0.1,66,overall,0.25694497651982484
trmf,0.1,66,w,0.46833672872370846
trmf,0.1,66,o,8.289030928721033e-05
trmf,0.1,67,overall,0.2596355626954581
trmf,0.1,67,w,0.4690525205296015
trmf,0.1,67,o,8.93226899621253e-05
trmf,0.1,68,overall,0.2568776665583078
trmf,0.1,68,w,0.4646079314642164
trmf,0.1,68,o,8.726459092023642e-05
trmf,0.1,69,overall,0.2616483607981674
trmf,0.1,69,w,0.4715400814610796
trmf,0.1,69,o,9.331736288813729e-05
trmf,0.1,7,overall,0.2509492626109978
trmf,0.1,7,w,0.45566460156801536
trmf,0.1,7,o,9.249314939889791e-05
trmf,0.1,70,overall,0.251475198247836
trmf,0.1,70,w,0.4554697087744186
trmf,0.1,70,o,8.696594465163084e-05
trmf,0.1,71,overall,0.26141393954935155
trmf,0.1,71,w,0.47518282181662225
trmf,0.1,71,o,9.147475885924775e-05
trmf,0.1,72,overall,0.2599711946583708
trmf,0.1,72,w,0.4700092782046863
trmf,0.1,72,o,9.117832093156279e-05
trmf,0.1,73,overall,0.26119123571134834
trmf,0.1,73,w,0.4697093976947953
trmf,0.1,73,o,9.420975715131039e-05
trmf,0.1,74,overall,0.25629009681998804
trmf,0.1,74,w,0.4637158129325143
trmf,0.1,74,o,8.33601698742883e-05
trmf,0.1,75,overall,0.25517120563554097
trmf,0.1,75,w,0.4617581572095318
trmf,0.1,75,o,9.21874271489529e-05
trmf,0.1,76,overall,0.2580878240086908
trmf,0.1,76,w,0.46776755201713033
trmf,0.1,76,o,9.253431470462398e-05
trmf,0.1,77,overall,0.25116123679320446
trmf,0.1,77,w,0.45675288936980796
trmf,0.1,77,o,8.501383477758533e-05
trmf,0.1,78,overall,0.25041910289156205
trmf,0.1,78,w,0.45090786397098764
trmf,0.1,78,o,9.005512853081321e-05
trmf,0.1,79,overall,0.25812677237213755
trmf,0.1,79,w,0.4653599952945583
trmf,0.1,79,o,0.00010438227954398283
trmf,0.1,8,overall,0.25578257709505253
trmf,0.1,8,w,0.4621105160875286
trmf,0.1,8,o,9.102228381172903e-05
trmf,0.1,80,overall,0.2583096024713415
trmf,0.1,80,w,0.4679160696251269
trmf,0.1,80,o,9.141267078280403e-05
trmf,0.1,81,overall,0.2496794613279355
trmf,0.1,81,w,0.45661596063061977
trmf,0.1,81,o,8.46019159894599e-05
trmf,0.1,82,overall,0.2574449957548244
trmf,0.1,82,w,0.46379586019250874
trmf,0.1,82,o,8.74268295793991e-05
trmf,0.1,83,overall,0.2601515079388471
trmf,0.1,83,w,0.47003724584032597
trmf,0.1,83,o,8.623921110986495e-05
trmf,0.1,84,overall,0.24495584127388112
trmf,0.1,84,w,0.44692670143351937
trmf,0.1,84,o,8.45053999984896e-05
trmf,0.1,85,overall,0.2521287469040421
trmf,0.1,85,w,0.4581644762764553
trmf,0.1,85,o,8.281758038200319e-05
trmf,0.1,86,overall,0.2613211260722945
trmf,0.1,86,w,0.47306639181343246
trmf,0.1,86,o,9.432332617455205e-05
trmf,0.1,87,overall,0.2560192482359188
trmf,0.1,87,w,0.4609765613314692
trmf,0.1,87,o,8.690236239686701e-05
trmf,0.1,88,overall,0.2533281980156299
trmf,0.1,88,w,0.4578343454234586
trmf,0.1,88,o,8.70278027909991e-05
trmf,0.1,89,overall,0.2518011540956898
trmf,0.1,89,w,0.4569201426830776
trmf,0.1,89,o,8.407165360695311e-05
trmf,0.1,9,overall,0.26094779793725154
trmf,0.1,9,w,0.47321210060863045
trmf,0.1,9,o,9.975285865332316e-05
trmf,0.1,90,overall,0.2504262485737837
trmf,0.1,90,w,0.45565929243831577
trmf,0.1,90,o,8.593204615726958e-05
trmf,0.1,91,overall,0.2526060094122724
trmf,0.1,91,w,0.45702354304830156
trmf,0.1,91,o,8.408481873983228e-05
trmf,0.1,92,overall,0.26256858489065615
trmf,0.1,92,w,0.47264186615054765
trmf,0.1,92,o,9.034645253350847e-05
trmf,0.1,93,overall,0.2603385497753225
trmf,0.1,93,w,0.4704756574649799
trmf,0.1,93,o,8.494445023542214e-05
trmf,0.1,94,overall,0.2647141708905762
trmf,0.1,94,w,0.4802357202237508
trmf,0.1,94,o,9.431644021839015e-05
trmf,0.1,95,overall,0.25593174216266384
trmf,0.1,95,w,0.4626445286557719
trmf,0.1,95,o,8.412396529051829e-05
trmf,0.1,96,overall,0.2558498881234293
trmf,0.1,96,w,0.46483418700065393
trmf,0.1,96,o,0.00010003437998182629
trmf,0.1,97,overall,0.2512322054288098
trmf,0.1,97,w,0.4562271835842461
trmf,0.1,97,o,8.700287542685733e-05
trmf,0.1,98,overall,0.25598991630909707
trmf,0.1,98,w,0.46401786442443305
trmf,0.1,98,o,9.763849076054957e-05
trmf,0.1,99,overall,0.25847601779717666
trmf,0.1,99,w,0.4685869672592164
trmf,0.1,99,o,8.596898545174435e-05
trmf,0.2,1,overall,0.2604703957878522
trmf,0.2,1,w,0.4692316457030201
trmf,0.2,1,o,9.622676812575328e-05
trmf,0.2,10,overall,0.26087830088373887
trmf,0.2,10,w,0.4696784164001036
trmf,0.2,10,o,9.045327727507902e-05
trmf,0.2,100,overall,0.2581805167466422
trmf,0.2,100,w,0.4653180219359589
trmf,0.2,100,o,9.368651744657528e-05
trmf,0.2,11,overall,0.26254852834627707
trmf,0.2,11,w,0.4731562642058869
trmf,0.2,11,o,9.467815102372489e-05
trmf,0.2,12,overall,0.2601689643810056
trmf,0.2,12,w,0.46825753103000645
trmf,0.2,12,o,8.507961626065513e-05
trmf,0.2,13,overall,0.2635226125485487
trmf,0.2,13,w,0.4750597998032667
trmf,0.2,13,o,8.888537813828785e-05
trmf,0.2,14,overall,0.25629077940992656
trmf,0.2,14,w,0.46135881708048143
trmf,0.2,14,o,9.118197432681195e-05
trmf,0.2,15,overall,0.2603819634112842
trmf,0.2,15,w,0.4690315201342944
trmf,0.2,15,o,8.858939224074775e-05
trmf,0.2,16,overall,0.25856029762866645
trmf,0.2,16,w,0.46594272117044006
trmf,0.2,16,o,8.919503362348362e-05
trmf,0.2,17,overall,0.25841091629883733
trmf,0.2,17,w,0.4655809442874757
trmf,0.2,17,o,8.675607882442516e-05
trmf,0.2,18,overall,0.26168401586941137
trmf,0.2,18,w,0.47125473862737444
trmf,0.2,18,o,8.680186166434298e-05
trmf,0.2,19,overall,0.2611622533759124
trmf,0.2,19,w,0.47055195160069846
trmf,0.2,19,o,9.729034043067238e-05
trmf,0.2,2,overall,0.2596555904877624
trmf,0.2,2,w,0.46785790744320044
trmf,0.2,2,o,8.573274032410279e-05
trmf,0.2,20,overall,0.2666109157218062
trmf,0.2,20,w,0.4801290997250472
trmf,0.2,20,o,9.471154326970351e-05
trmf,0.2,21,overall,0.2606449217587806
trmf,0.2,21,w,0.4695145273621007
trmf,0.2,21,o,9.656122828365328e-05
trmf,0.2,22,overall,0.25942992517958396
trmf,0.2,22,w,0.4673368427309915
trmf,0.2,22,o,9.194387791579035e-05
trmf,0.2,23,overall,0.25906201787826005
trmf,0.2,23,w,0.4666719044959152
trmf,0.2,23,o,9.152675892150037e-05
trmf,0.2,24,overall,0.262451296025339
trmf,0.2,24,w,0.4727184189198497
trmf,0.2,24,o,9.017022146842528e-05
trmf,0.2,25,overall,0.25653027782524607
trmf,0.2,25,w,0.4624642829175793
trmf,0.2,25,o,8.246577626760891e-05
trmf,0.2,26,overall,0.2573788480781811
trmf,0.2,26,w,0.4633975674664507
trmf,0.2,26,o,8.722715864622372e-05
trmf,0.2,27,overall,0.2550650309816094
trmf,0.2,27,w,0.4592112917352294
trmf,0.2,27,o,8.636866147993089e-05
trmf,0.2,28,overall,0.26262418152465594
trmf,0.2,28,w,0.4729689962894502
trmf,0.2,28,o,8.91436501113997e-05
trmf,0.2,29,overall,0.26182909214783096
trmf,0.2,29,w,0.4718923303705324
trmf,0.2,29,o,9.819652000242798e-05
trmf,0.2,3,overall,0.2603233710947845
trmf,0.2,3,w,0.46963691847635086
trmf,0.2,3,o,8.6721861347606e-05
trmf,0.2,30,overall,0.25757723030337826
trmf,0.2,30,w,0.4641427765208643
trmf,0.2,30,o,8.396760532490557e-05
trmf,0.2,31,overall,0.2604464528463018
trmf,0.2,31,w,0.468582300074902
trmf,0.2,31,o,9.189880174728483e-05
trmf,0.2,32,overall,0.25980674817477817
trmf,0.2,32,w,0.4678091832465739
trmf,0.2,32,o,9.487397226995245e-05
trmf,0.2,33,overall,0.2584284587492726
trmf,0.2,33,w,0.46536730462657055
trmf,0.2,33,o,8.678566127042788e-05
trmf,0.2,34,overall,0.2538344523073027
trmf,0.2,34,w,0.4570096978201282
trmf,0.2,34,o,9.439779383330685e-05
trmf,0.2,35,overall,0.257572926074651
trmf,0.2,35,w,0.463990638641793
trmf,0.2,35,o,9.511520496997113e-05
trmf,0.2,36,overall,0.2615829683515373
trmf,0.2,36,w,0.471334819976801
trmf,0.2,36,o,0.00010086091918593877
trmf,0.2,37,overall,0.26000350809723477
trmf,0.2,37,w,0.4684770466503073
trmf,0.2,37,o,8.859125383704857e-05
trmf,0.2,38,overall,0.2580624535514394
trmf,0.2,38,w,0.46529108566987804
trmf,0.2,38,o,9.509277942581126e-05
trmf,0.2,39,overall,0.2615464235864938
trmf,0.2,39,w,0.470643824370398
trmf,0.2,39,o,8.81916968556704e-05
trmf,0.2,4,overall,0.26986144283551056
trmf,0.2,4,w,0.48632770544566023
trmf,0.2,4,o,8.30614461318121e-05
trmf,0.2,40,overall,0.2604142391031169
trmf,0.2,40,w,0.4690999343175812
trmf,0.2,40,o,8.575418162807004e-05
trmf,0.2,41,overall,0.2610875229521885
trmf,0.2,41,w,0.4703055187028752
trmf,0.2,41,o,9.066397345979534e-05
trmf,0.2,42,overall,0.2639106758631993
trmf,0.2,42,w,0.47544342630101516
trmf,0.2,42,o,9.736813155181609e-05
trmf,0.2,43,overall,0.26860372338978994
trmf,0.2,43,w,0.48365976633085367
trmf,0.2,43,o,9.008450502440694e-05
trmf,0.2,44,overall,0.26403262555922935
trmf,0.2,44,w,0.47601256449532686
trmf,0.2,44,o,9.448042693226195e-05
trmf,0.2,45,overall,0.26428773775852277
trmf,0.2,45,w,0.4759942558192421
trmf,0.2,45,o,8.703302024826628e-05
trmf,0.2,46,overall,0.25971190426257584
trmf,0.2,46,w,0.46756361885283604
trmf,0.2,46,o,9.084409032125456e-05
trmf,0.2,47,overall,0.2642774176548337
trmf,0.2,47,w,0.47645374977444926
trmf,0.2,47,o,9.693733546843082e-05
trmf,0.2,48,overall,0.25969897604814335
trmf,0.2,48,w,0.46789481283031187
trmf,0.2,48,o,8.880089793638974e-05
trmf,0.2,49,overall,0.257392462831229
trmf,0.2,49,w,0.4639313750424885
trmf,0.2,49,o,8.912579426490375e-05
trmf,0.2,5,overall,0.26439663339618097
trmf,0.2,5,w,0.4759862649443877
trmf,0.2,5,o,9.16727190257802e-05
trmf,0.2,50,overall,0.25877252485420754
trmf,0.2,50,w,0.46583648398056443
trmf,0.2,50,o,8.322726910503022e-05
trmf,0.2,51,overall,0.2565269840196665
trmf,0.2,51,w,0.4615286861454534
trmf,0.2,51,o,8.989548390084194e-05
trmf,0.2,52,overall,0.26183568291243087
trmf,0.2,52,w,0.4714823982276978
trmf,0.2,52,o,8.821313290218397e-05
trmf,0.2,53,overall,0.26381420841852615
trmf,0.2,53,w,0.47537833291203485
trmf,0.2,53,o,8.209225104410494e-05
trmf,0.2,54,overall,0.26002500507322396
trmf,0.2,54,w,0.46859635700455626
trmf,0.2,54,o,9.154488475323528e-05
trmf,0.2,55,overall,0.26292996091302917
trmf,0.2,55,w,0.4735643389628479
trmf,0.2,55,o,8.607204737442852e-05
trmf,0.2,56,overall,0.26032482486718433
trmf,0.2,56,w,0.4688968485609188
trmf,0.2,56,o,9.696857355164945e-05
trmf,0.2,57,overall,0.26253908508729984
trmf,0.2,57,w,0.4735344007278371
trmf,0.2,57,o,9.215417726147926e-05
trmf,0.2,58,overall,0.2611851095402158
trmf,0.2,58,w,0.4705083484735901
trmf,0.2,58,o,9.522700819916838e-05
trmf,0.2,59,overall,0.26222934692010563
trmf,0.2,59,w,0.47222874901100137
trmf,0.2,59,o,8.261611433721354e-05
trmf,0.2,6,overall,0.26593513464641416
trmf,0.2,6,w,0.47919308095964763
trmf,0.2,6,o,8.356588759605554e-05
trmf,0.2,60,overall,0.26685038659311394
trmf,0.2,60,w,0.4810327896801287
trmf,0.2,60,o,9.277593887589145e-05
trmf,0.2,61,overall,0.25796181386547756
trmf,0.2,61,w,0.4652543008269036
trmf,0.2,61,o,8.63947019227951e-05
trmf,0.2,62,overall,0.2590142562076475
trmf,0.2,62,w,0.4665445663426053
trmf,0.2,62,o,8.697127465654235e-05
trmf,0.2,63,overall,0.25864224442810535
trmf,0.2,63,w,0.4656198500703482
trmf,0.2,63,o,8.756763384629714e-05
trmf,0.2,64,overall,0.26032501245124273
trmf,0.2,64,w,0.46861632149858407
trmf,0.2,64,o,8.369637910998866e-05
trmf,0.2,65,overall,0.2577682711489727
trmf,0.2,65,w,0.46413197137450185
trmf,0.2,65,o,8.576913559843368e-05
trmf,0.2,66,overall,0.2590136642552167
trmf,0.2,66,w,0.46717159300397687
trmf,0.2,66,o,9.688244119778405e-05
trmf,0.2,67,overall,0.26033991809929835
trmf,0.2,67,w,0.46898503481519266
trmf,0.2,67,o,9.5860670152498e-05
trmf,0.2,68,overall,0.2609420633799393
trmf,0.2,68,w,0.469986604415934
trmf,0.2,68,o,8.381951542224062e-05
trmf,0.2,69,overall,0.26187800070226763
trmf,0.2,69,w,0.47182691996006954
trmf,0.2,69,o,8.74818580654383e-05
trmf,0.2,7,overall,0.2580332597041903
trmf,0.2,7,w,0.46502494632091845
trmf,0.2,7,o,8.863951870647721e-05
trmf,0.2,70,overall,0.25675761342364734
trmf,0.2,70,w,0.4624762940227898
trmf,0.2,70,o,8.891620908671735e-05
trmf,0.2,71,overall,0.2605892555310781
trmf,0.2,71,w,0.46998667438011504
trmf,0.2,71,o,8.834244408708143e-05
trmf,0.2,72,overall,0.26269618431770914
trmf,0.2,72,w,0.4733825492372391
trmf,0.2,72,o,8.798736051613413e-05
trmf,0.2,73,overall,0.2666962900327435
trmf,0.2,73,w,0.4801656069938644
trmf,0.2,73,o,8.602393296738133e-05
trmf,0.2,74,overall,0.2565783938899905
trmf,0.2,74,w,0.4623127913935301
trmf,0.2,74,o,8.747367565796773e-05
trmf,0.2,75,overall,0.2579430450778791
trmf,0.2,75,w,0.4647334549202874
trmf,0.2,75,o,9.00915127586673e-05
trmf,0.2,76,overall,0.2578771870667028
trmf,0.2,76,w,0.46452211575675084
trmf,0.2,76,o,0.0001005011359268289
trmf,0.2,77,overall,0.25549916564516617
trmf,0.2,77,w,0.46069644337035365
trmf,0.2,77,o,9.278462556781857e-05
trmf,0.2,78,overall,0.26069056311536104
trmf,0.2,78,w,0.4694704639798796
trmf,0.2,78,o,9.743156305312665e-05
trmf,0.2,79,overall,0.26761999213039533
trmf,0.2,79,w,0.4817829894446729
trmf,0.2,79,o,8.35843272325806e-05
trmf,0.2,8,overall,0.2631952010873343
trmf,0.2,8,w,0.47417509372316885
trmf,0.2,8,o,9.504641672628278e-05
trmf,0.2,80,overall,0.26332500813158394
trmf,0.2,80,w,0.4743348330919634
trmf,0.2,80,o,9.154916828083435e-05
trmf,0.2,81,overall,0.2629781859458882
trmf,0.2,81,w,0.47389793012787823
trmf,0.2,81,o,9.309426593008783e-05
trmf,0.2,82,overall,0.2558058035745511
trmf,0.2,82,w,0.4608331433080659
trmf,0.2,82,o,8.699176966057728e-05
trmf,0.2,83,overall,0.25761426458118103
trmf,0.2,83,w,0.4636606376650046
trmf,0.2,83,o,8.930437330732292e-05
trmf,0.2,84,overall,0.2571291922117874
trmf,0.2,84,w,0.462981557210323
trmf,0.2,84,o,8.989850528572228e-05
trmf,0.2,85,overall,0.2661821744343763
trmf,0.2,85,w,0.479322590725748
trmf,0.2,85,o,9.671034405972559e-05
trmf,0.2,86,overall,0.25747720075849984
trmf,0.2,86,w,0.46382768991310047
trmf,0.2,86,o,9.695772076338665e-05
trmf,0.2,87,overall,0.260072317694584
trmf,0.2,87,w,0.4679595019127718
trmf,0.2,87,o,9.350456571554527e-05
trmf,0.2,88,overall,0.25495147479311453
trmf,0.2,88,w,0.4594487110894635
trmf,0.2,88,o,8.989617387209474e-05
trmf,0.2,89,overall,0.2709054784179146
trmf,0.2,89,w,0.4878877481978703
trmf,0.2,89,o,9.153215638732874e-05
trmf,0.2,9,overall,0.2588324821390429
trmf,0.2,9,w,0.46602050279273666
trmf,0.2,9,o,9.521781266275131e-05
trmf,0.2,90,overall,0.25719181528314383
trmf,0.2,90,w,0.46317472127306364
trmf,0.2,90,o,8.895627549734716e-05
trmf,0.2,91,overall,0.2558928060676011
trmf,0.2,91,w,0.4612924384750952
trmf,0.2,91,o,8.875397810997258e-05
trmf,0.2,92,overall,0.2601336148095341
trmf,0.2,92,w,0.46867604976271915
trmf,0.2,92,o,9.55774754263531e-05
trmf,0.2,93,overall,0.261436468100272
trmf,0.2,93,w,0.4709091195086898
trmf,0.2,93,o,9.189603974964633e-05
trmf,0.2,94,overall,0.26338309908638485
trmf,0.2,94,w,0.47395908274704335
trmf,0.2,94,o,8.657614496771701e-05
trmf,0.2,95,overall,0.2598870025092609
trmf,0.2,95,w,0.4679813434831464
trmf,0.2,95,o,9.068965955320135e-05
trmf,0.2,96,overall,0.26035586594718374
trmf,0.2,96,w,0.46917453237995677
trmf,0.2,96,o,9.29696193444259e-05
trmf,0.2,97,overall,0.26268177303927637
trmf,0.2,97,w,0.4731845799844107
trmf,0.2,97,o,8.737616687330009e-05
trmf,0.2,98,overall,0.26301445640274157
trmf,0.2,98,w,0.47357078935861624
trmf,0.2,98,o,9.713043130995628e-05
trmf,0.2,99,overall,0.261714640504867
trmf,0.2,99,w,0.47148952301162256
trmf,0.2,99,o,9.58377636758671e-05
trmf,0.3,1,overall,0.33599357745402825
trmf,0.3,1,w,0.5455808971665016
trmf,0.3,1,o,0.000126779698941712
trmf,0.3,10,overall,0.33106430129316833
trmf,0.3,10,w,0.5396413357190128
trmf,0.3,10,o,0.00012444546350663706
trmf,0.3,100,overall,0.3298556381349156
trmf,0.3,100,w,0.5369548529597497
trmf,0.3,100,o,0.00013000382140177175
trmf,0.3,11,overall,0.3332286740249067
trmf,0.3,11,w,0.5451320600556634
trmf,0.3,11,o,0.0001279429534818886
trmf,0.3,12,overall,0.3389121744175513
trmf,0.3,12,w,0.5519069813823476
trmf,0.3,12,o,0.00013325106163402072
trmf,0.3,13,overall,0.3424505434175379
trmf,0.3,13,w,0.5576369019186294
trmf,0.3,13,o,0.00011799949508279658
trmf,0.3,14,overall,0.3309853613652961
trmf,0.3,14,w,0.5390136213109521
trmf,0.3,14,o,0.0001134746013155267
trmf,0.3,15,overall,0.3342222854103625
trmf,0.3,15,w,0.5446353162366466
trmf,0.3,15,o,0.00012635422535836577
trmf,0.3,16,overall,0.33539159625921106
trmf,0.3,16,w,0.5443895162372177
trmf,0.3,16,o,0.00012932783086279538
trmf,0.3,17,overall,0.33192423453920783
trmf,0.3,17,w,0.5416129350992849
trmf,0.3,17,o,0.00012488087414012325
trmf,0.3,18,overall,0.33899248824335076
trmf,0.3,18,w,0.5501938768834211
trmf,0.3,18,o,0.0001287772633989818
trmf,0.3,19,overall,0.3340859456071911
trmf,0.3,19,w,0.5430169757086221
trmf,0.3,19,o,0.00014060531060417901
trmf,0.3,2,overall,0.3268234452304115
trmf,0.3,2,w,0.5331617336486147
trmf,0.3,2,o,0.00015398589317476476
trmf,0.3,20,overall,0.33790156888371725
trmf,0.3,20,w,0.5505987325490352
trmf,0.3,20,o,0.0001282694598679724
trmf,0.3,21,overall,0.33403966030508053
trmf,0.3,21,w,0.5445887146491567
trmf,0.3,21,o,0.0001363983020150805
trmf,0.3,22,overall,0.329599315759094
trmf,0.3,22,w,0.5378979740751331
trmf,0.3,22,o,0.00013590194350001264
trmf,0.3,23,overall,0.321398365205901
trmf,0.3,23,w,0.527779273113931
trmf,0.3,23,o,0.00012647589962680068
trmf,0.3,24,overall,0.33362245117638706
trmf,0.3,24,w,0.5425289297521433
trmf,0.3,24,o,0.00012294732781465158
trmf,0.3,25,overall,0.3184859238746607
trmf,0.3,25,w,0.5231931472231386
trmf,0.3,25,o,0.0001207236165655732
trmf,0.3,26,overall,0.3308617379152084
trmf,0.3,26,w,0.541223385862852
trmf,0.3,26,o,0.00015353560156421795
trmf,0.3,27,overall,0.3310025702809622
trmf,0.3,27,w,0.5401392672880699
trmf,0.3,27,o,0.0001288661072752643
trmf,0.3,28,overall,0.3299717899516022
trmf,0.3,28,w,0.539848445749312
trmf,0.3,28,o,0.00012019499869978564
trmf,0.3,29,overall,0.33299513717268153
trmf,0.3,29,w,0.5432595042901716
trmf,0.3,29,o,0.0001358080019052927
trmf,0.3,3,overall,0.33666058304856306
trmf,0.3,3,w,0.5508263309658831
trmf,0.3,3,o,0.00011984220914598271
trmf,0.3,30,overall,0.32721270756317566
trmf,0.3,30,w,0.5366773729431397
trmf,0.3,30,o,0.00012202450034051317
trmf,0.3,31,overall,0.3349732544313587
trmf,0.3,31,w,0.5444492628085047
trmf,0.3,31,o,0.00013207689654418537
trmf,0.3,32,overall,0.32917038280565064
trmf,0.3,32,w,0.5371289469262087
trmf,0.3,32,o,0.00012723409161373268
trmf,0.3,33,overall,0.3242914715019497
trmf,0.3,33,w,0.5297920991150132
trmf,0.3,33,o,0.00012257271744578113
trmf,0.3,34,overall,0.3257998108131387
trmf,0.3,34,w,0.532989135592162
trmf,0.3,34,o,0.00012163338109515967
trmf,0.3,35,overall,0.33397833467061944
trmf,0.3,35,w,0.542678086038112
trmf,0.3,35,o,0.00014145363057994128
trmf,0.3,36,overall,0.33068858674160784
trmf,0.3,36,w,0.539539223072915
trmf,0.3,36,o,0.0001427154923565056
trmf,0.3,37,overall,0.33669461260389927
trmf,0.3,37,w,0.549316773163423
trmf,0.3,37,o,0.00012411501325355835
trmf,0.3,38,overall,0.33659298225433015
trmf,0.3,38,w,0.5449498918181228
trmf,0.3,38,o,0.00011015198498846286
trmf,0.3,39,overall,0.33276433685898654
trmf,0.3,39,w,0.5441005681918007
trmf,0.3,39,o,0.00013490080023183647
trmf,0.3,4,overall,0.3378809755113151
trmf,0.3,4,w,0.5516936303187444
trmf,0.3,4,o,0.00011790558888437639
trmf,0.3,40,overall,0.3405271269288971
trmf,0.3,40,w,0.5546262945534072
trmf,0.3,40,o,0.00012514747887675201
trmf,0.3,41,overall,0.3332537016454361
trmf,0.3,41,w,0.5444609257067862
trmf,0.3,41,o,0.00012637610570855276
trmf,0.3,42,overall,0.33460011473281515
trmf,0.3,42,w,0.5466228122804059
trmf,0.3,42,o,0.0001307057711910331
trmf,0.3,43,overall,0.3453835483652729
trmf,0.3,43,w,0.5621395888091033
trmf,0.3,43,o,0.00012854156588310784
trmf,0.3,44,overall,0.3312320728325083
trmf,0.3,44,w,0.5404975060467507
trmf,0.3,44,o,0.00012159232547663217
trmf,0.3,45,overall,0.3306572290721416
trmf,0.3,45,w,0.5407858168594719
trmf,0.3,45,o,0.0001225581153931034
trmf,0.3,46,overall,0.32611972115984345
trmf,0.3,46,w,0.5339080409173796
trmf,0.3,46,o,0.0001371170888555265
trmf,0.3,47,overall,0.34394661921544967
trmf,0.3,47,w,0.5573833689388006
trmf,0.3,47,o,0.00011812343771180276
trmf,0.3,48,overall,0.3302819040466788
trmf,0.3,48,w,0.5389670285960336
trmf,0.3,48,o,0.00014540849582727803
trmf,0.3,49,overall,0.3352106804517206
trmf,0.3,49,w,0.5459182296950033
trmf,0.3,49,o,0.00012715349344749632
trmf,0.3,5,overall,0.3250847724355039
trmf,0.3,5,w,0.5338469902882816
trmf,0.3,5,o,0.00012482275860721946
trmf,0.3,50,overall,0.3378214560015132
trmf,0.3,50,w,0.5485086866255509
trmf,0.3,50,o,0.00012749253580907982
trmf,0.3,51,overall,0.33541803441888807
trmf,0.3,51,w,0.5460438982348974
trmf,0.3,51,o,0.00013933576231625364
trmf,0.3,52,overall,0.331483972636389
trmf,0.3,52,w,0.5413065685791351
trmf,0.3,52,o,0.00013447335725603595
trmf,0.3,53,overall,0.34031123311572076
trmf,0.3,53,w,0.5550365498747091
trmf,0.3,53,o,0.00011581279899645684
trmf,0.3,54,overall,0.33278148596537316
trmf,0.3,54,w,0.5418115999502899
trmf,0.3,54,o,0.00013813571161631777
trmf,0.3,55,overall,0.33413134092463037
trmf,0.3,55,w,0.5432602078113169
trmf,0.3,55,o,0.00011640234820690849
trmf,0.3,56,overall,0.33311206348874267
trmf,0.3,56,w,0.5423974911109734
trmf,0.3,56,o,0.00011948522325495504
trmf,0.3,57,overall,0.3389807178896256
trmf,0.3,57,w,0.5510954104112711
trmf,0.3,57,o,0.00012416241701370897
trmf,0.3,58,overall,0.3321871614009743
trmf,0.3,58,w,0.5409378404532393
trmf,0.3,58,o,0.00014510461114595146
trmf,0.3,59,overall,0.3316958955081201
trmf,0.3,59,w,0.5424151637623716
trmf,0.3,59,o,0.00012391444680078027
trmf,0.3,6,overall,0.3340002490750293
trmf,0.3,6,w,0.5478553378489637
trmf,0.3,6,o,0.00011632348975012601
trmf,0.3,60,overall,0.3318617058544179
trmf,0.3,60,w,0.5411151239893134
trmf,0.3,60,o,0.00012974495949253124
trmf,0.3,61,overall,0.3253003669385383
trmf,0.3,61,w,0.531882114785507
trmf,0.3,61,o,0.00012456808765353802
trmf,0.3,62,overall,0.3329797452486756
trmf,0.3,62,w,0.543186720090521
trmf,0.3,62,o,0.0001385806526342372
trmf,0.3,63,overall,0.3256250647143678
trmf,0.3,63,w,0.5299812851360672
trmf,0.3,63,o,0.00013236986633967932
trmf,0.3,64,overall,0.33258911159080945
trmf,0.3,64,w,0.5421736159239802
trmf,0.3,64,o,0.00013056284005974678
trmf,0.3,65,overall,0.33245889077427476
trmf,0.3,65,w,0.5442486247908369
trmf,0.3,65,o,0.00013799780391398185
trmf,0.3,66,overall,0.3312817174136213
trmf,0.3,66,w,0.5432015731736475
trmf,0.3,66,o,0.00015324036917129796
trmf,0.3,67,overall,0.3297824988681672
trmf,0.3,67,w,0.5372687040137539
trmf,0.3,67,o,0.00013162293016061706
trmf,0.3,68,overall,0.3394480346727485
trmf,0.3,68,w,0.5519175718721961
trmf,0.3,68,o,0.00011579879919957261
trmf,0.3,69,overall,0.33845622708912215
trmf,0.3,69,w,0.5488277054965781
trmf,0.3,69,o,0.00012058050082318849
trmf,0.3,7,overall,0.32928200495302273
trmf,0.3,7,w,0.538237031444135
trmf,0.3,7,o,0.0001353010064916038
trmf,0.3,70,overall,0.3342552441706927
trmf,0.3,70,w,0.5444962826250217
trmf,0.3,70,o,0.00014343284007291814
trmf,0.3,71,overall,0.3316699424086122
trmf,0.3,71,w,0.5426101541811885
trmf,0.3,71,o,0.00011991551500762878
trmf,0.3,72,overall,0.3325405906119464
trmf,0.3,72,w,0.5430034683719686
trmf,0.3,72,o,0.00012623447032743908
trmf,0.3,73,overall,0.339576150045951
trmf,0.3,73,w,0.5534475831889526
trmf,0.3,73,o,0.0001453125333890607
trmf,0.3,74,overall,0.33333846183663707
trmf,0.3,74,w,0.5445236666373953
trmf,0.3,74,o,0.00012424446825642856
trmf,0.3,75,overall,0.3309591581850468
trmf,0.3,75,w,0.5396715049291216
trmf,0.3,75,o,0.00012510973223303417
trmf,0.3,76,overall,0.3251659992254987
trmf,0.3,76,w,0.5318373469662917
trmf,0.3,76,o,0.00012649050916698404
trmf,0.3,77,overall,0.3266235175486343
trmf,0.3,77,w,0.5342728043135963
trmf,0.3,77,o,0.00015656067648754437
trmf,0.3,78,overall,0.33427973453660675
trmf,0.3,78,w,0.5432574588322631
trmf,0.3,78,o,0.0001513843528248977
trmf,0.3,79,overall,0.3436800903676765
trmf,0.3,79,w,0.5577453032281506
trmf,0.3,79,o,0.00014201921981333573
trmf,0.3,8,overall,0.3357464631315473
trmf,0.3,8,w,0.5451923364363854
trmf,0.3,8,o,0.00011734573490597388
trmf,0.3,80,overall,0.3291043834170696
trmf,0.3,80,w,0.5376686927647628
trmf,0.3,80,o,0.00012482185064774482
trmf,0.3,81,overall,0.32746687973743693
trmf,0.3,81,w,0.5397569945643435
trmf,0.3,81,o,0.0001273974185653954
trmf,0.3,82,overall,0.3251969654392609
trmf,0.3,82,w,0.5271175174710548
trmf,0.3,82,o,0.0001135192416420258
trmf,0.3,83,overall,0.32992376443083654
trmf,0.3,83,w,0.5368362598886517
trmf,0.3,83,o,0.00012620861894354393
trmf,0.3,84,overall,0.33217195183645815
trmf,0.3,84,w,0.542847912789919
trmf,0.3,84,o,0.00011610399191572216
trmf,0.3,85,overall,0.3378527567536325
trmf,0.3,85,w,0.5505586009918189
trmf,0.3,85,o,0.00012868261288501758
trmf,0.3,86,overall,0.3332683465338649
trmf,0.3,86,w,0.5425045494356516
trmf,0.3,86,o,0.000123859847827893
trmf,0.3,87,overall,0.33689881002300437
trmf,0.3,87,w,0.5482419910599682
trmf,0.3,87,o,0.00014047125381110755
trmf,0.3,88,overall,0.33049654987388316
trmf,0.3,88,w,0.5400211146099988
trmf,0.3,88,o,0.00013358265589613583
trmf,0.3,89,overall,0.3380157634584207
trmf,0.3,89,w,0.5518178843052843
trmf,0.3,89,o,0.00012823634913874956
trmf,0.3,9,overall,0.33093128942223143
trmf,0.3,9,w,0.5412368114598428
trmf,0.3,9,o,0.00015395804682613733
trmf,0.3,90,overall,0.32690436316585664
trmf,0.3,90,w,0.535833656673684
trmf,0.3,90,o,0.00012147953828686169
trmf,0.3,91,overall,0.3297581718249931
trmf,0.3,91,w,0.5394813869245797
trmf,0.3,91,o,0.00012421484495077966
trmf,0.3,92,overall,0.33260189698030035
trmf,0.3,92,w,0.5407053509359476
trmf,0.3,92,o,0.00013586747006988836
trmf,0.3,93,overall,0.3326029740424049
trmf,0.3,93,w,0.5423056645221552
trmf,0.3,93,o,0.00012546830842437848
trmf,0.3,94,overall,0.33802067000858765
trmf,0.3,94,w,0.5501859332836176
trmf,0.3,94,o,0.0001330672051713178
trmf,0.3,95,overall,0.3354927989256739
trmf,0.3,95,w,0.5465254269218872
trmf,0.3,95,o,0.00012015951517412368
trmf,0.3,96,overall,0.33172102407806214
trmf,0.3,96,w,0.5425962906635404
trmf,0.3,96,o,0.0001510836136331834
trmf,0.3,97,overall,0.33219465171120743
trmf,0.3,97,w,0.5455048392767743
trmf,0.3,97,o,0.00011805141043866468
trmf,0.3,98,overall,0.3361339738320373
trmf,0.3,98,w,0.5485381799469911
trmf,0.3,98,o,0.0001257791554091143
trmf,0.3,99,overall,0.33030366601164624
trmf,0.3,99,w,0.5418541886530837
trmf,0.3,99,o,0.0001370606877020601
trmf,0.5,1,overall,0.44189732315215974
trmf,0.5,1,w,0.63908017681066
trmf,0.5,1,o,0.00020373497530273689
trmf,0.5,10,overall,0.44353906770160045
trmf,0.5,10,w,0.6443458695920105
trmf,0.5,10,o,0.00018709581280677934
trmf,0.5,100,overall,0.4403174739849168
trmf,0.5,100,w,0.637109316858806
trmf,0.5,100,o,0.00022177280863999428
trmf,0.5,11,overall,0.4442095608796784
trmf,0.5,11,w,0.645109050817555
trmf,0.5,11,o,0.00017706136613315215
trmf,0.5,12,overall,0.43723527346463154
trmf,0.5,12,w,0.6387618275447569
trmf,0.5,12,o,0.00019054343667805336
trmf,0.5,13,overall,0.4416597223183742
trmf,0.5,13,w,0.6402683280434434
trmf,0.5,13,o,0.00017234859531263215
trmf,0.5,14,overall,0.4380804576372594
trmf,0.5,14,w,0.6354705742139414
trmf,0.5,14,o,0.00016623513220017207
trmf,0.5,15,overall,0.4441584246908149
trmf,0.5,15,w,0.6416336645368337
trmf,0.5,15,o,0.00019880678095670918
trmf,0.5,16,overall,0.44686095316037033
trmf,0.5,16,w,0.6467563265671048
trmf,0.5,16,o,0.00018647477534227815
trmf,0.5,17,overall,0.4364953121824347
trmf,0.5,17,w,0.6337758256259769
trmf,0.5,17,o,0.00019870023751501038
trmf,0.5,18,overall,0.45334795373112424
trmf,0.5,18,w,0.652843143240415
trmf,0.5,18,o,0.00018978738425008912
trmf,0.5,19,overall,0.43737893950529716
trmf,0.5,19,w,0.6345348666918849
trmf,0.5,19,o,0.00020104781375914046
trmf,0.5,2,overall,0.4408502490853352
trmf,0.5,2,w,0.6410571927944893
trmf,0.5,2,o,0.00020519127916698886
trmf,0.5,20,overall,0.4351835614257601
trmf,0.5,20,w,0.6327254648576829
trmf,0.5,20,o,0.0002427556405984117
trmf,0.5,21,overall,0.44643032114710596
trmf,0.5,21,w,0.6438467987212453
trmf,0.5,21,o,0.00018228233648368767
trmf,0.5,22,overall,0.44841223502902056
trmf,0.5,22,w,0.6504714695081507
trmf,0.5,22,o,0.00017872725983335085
trmf,0.5,23,overall,0.4344603030136839
trmf,0.5,23,w,0.6313067064212551
trmf,0.5,23,o,0.00017964883140689927
trmf,0.5,24,overall,0.44297339101350386
trmf,0.5,24,w,0.6422658076950231
trmf,0.5,24,o,0.00017494383274842455
trmf,0.5,25,overall,0.43000302134693436
trmf,0.5,25,w,0.6296408109704937
trmf,0.5,25,o,0.0001953076862970805
trmf,0.5,26,overall,0.43808076099354526
trmf,0.5,26,w,0.6396546602319627
trmf,0.5,26,o,0.0002166077147620423
trmf,0.5,27,overall,0.44307403299030085
trmf,0.5,27,w,0.6436900463927476
trmf,0.5,27,o,0.00016885368012414383
trmf,0.5,28,overall,0.444583024309075
trmf,0.5,28,w,0.6456551714355772
trmf,0.5,28,o,0.0002019212503261646
trmf,0.5,29,overall,0.44617495916442235
trmf,0.5,29,w,0.643523272730229
trmf,0.5,29,o,0.00021650882217013007
trmf,0.5,3,overall,0.44342147732352166
trmf,0.5,3,w,0.6457039350850526
trmf,0.5,3,o,0.0002168493000316021
trmf,0.5,30,overall,0.4365369721992856
trmf,0.5,30,w,0.6344711481135644
trmf,0.5,30,o,0.00018154479758364852
trmf,0.5,31,overall,0.4451215218915405
trmf,0.5,31,w,0.6423997833498786
trmf,0.5,31,o,0.00017630563500954947
trmf,0.5,32,overall,0.4406769885824345
trmf,0.5,32,w,0.6388181384445872
trmf,0.5,32,o,0.0001832813896043921
trmf,0.5,33,overall,0.44151113733695624
trmf,0.5,33,w,0.640937363476168
trmf,0.5,33,o,0.00021511193616851327
trmf,0.5,34,overall,0.43713770519886314
trmf,0.5,34,w,0.6345625582001007
trmf,0.5,34,o,0.00019197893395615328
trmf,0.5,35,overall,0.45234964169392183
trmf,0.5,35,w,0.651862439821958
trmf,0.5,35,o,0.00022742492360273167
trmf,0.5,36,overall,0.4458742317040854
trmf,0.5,36,w,0.6468742189754766
trmf,0.5,36,o,0.00018192585007263424
trmf,0.5,37,overall,0.44678122949641286
trmf,0.5,37,w,0.6483492958124412
trmf,0.5,37,o,0.00021381289590139928
trmf,0.5,38,overall,0.4516307974225463
trmf,0.5,38,w,0.6511664036911298
trmf,0.5,38,o,0.00019686683539508568
trmf,0.5,39,overall,0.4501233326904687
trmf,0.5,39,w,0.6537545671565916
trmf,0.5,39,o,0.00022333913808070244
trmf,0.5,4,overall,0.4426118491048692
trmf,0.5,4,w,0.6421385458243551
trmf,0.5,4,o,0.0001722508728296953
trmf,0.5,40,overall,0.4460929765350152
trmf,0.5,40,w,0.6483336254550639
trmf,0.5,40,o,0.00021121260810246463
trmf,0.5,41,overall,0.4394423232403314
trmf,0.5,41,w,0.639376456967955
trmf,0.5,41,o,0.0002207118358958979
trmf,0.5,42,overall,0.4409280585046804
trmf,0.5,42,w,0.6413619506030828
trmf,0.5,42,o,0.00021761095560677456
trmf,0.5,43,overall,0.4482786520112038
trmf,0.5,43,w,0.6505121517733747
trmf,0.5,43,o,0.00019356687459118715
trmf,0.5,44,overall,0.44262979750375
trmf,0.5,44,w,0.6403690644429951
trmf,0.5,44,o,0.00016882806539536717
trmf,0.5,45,overall,0.43662377292893884
trmf,0.5,45,w,0.63570018400225
trmf,0.5,45,o,0.00022178283057492634
trmf,0.5,46,overall,0.4424780883320216
trmf,0.5,46,w,0.6412113977193467
trmf,0.5,46,o,0.00017803525328737442
trmf,0.5,47,overall,0.4491189352745793
trmf,0.5,47,w,0.6502389049849658
trmf,0.5,47,o,0.00022599015012492
trmf,0.5,48,overall,0.43771535418552
trmf,0.5,48,w,0.636411198088209
trmf,0.5,48,o,0.00018965031720870128
trmf,0.5,49,overall,0.445047857222464
trmf,0.5,49,w,0.6457787896414454
trmf,0.5,49,o,0.0001989217631034615
trmf,0.5,5,overall,0.4371904185071384
trmf,0.5,5,w,0.6370419443802325
trmf,0.5,5,o,0.00025623261976584765
trmf,0.5,50,overall,0.44713411893985916
trmf,0.5,50,w,0.6464339256518434
trmf,0.5,50,o,0.0001890284312908772
trmf,0.5,51,overall,0.446635865950387
trmf,0.5,51,w,0.6467647116228047
trmf,0.5,51,o,0.0002102019257620119
trmf,0.5,52,overall,0.4439818554732928
trmf,0.5,52,w,0.6445740545745633
trmf,0.5,52,o,0.00019687972999990808
trmf,0.5,53,overall,0.4435098127857488
trmf,0.5,53,w,0.642630949606141
trmf,0.5,53,o,0.00019872287629826905
trmf,0.5,54,overall,0.4461905448578007
trmf,0.5,54,w,0.6459335064860228
trmf,0.5,54,o,0.00021280329221953702
trmf,0.5,55,overall,0.44394184001003145
trmf,0.5,55,w,0.6420879522136527
trmf,0.5,55,o,0.0002013495242629887
trmf,0.5,56,overall,0.44422531775063695
trmf,0.5,56,w,0.6446001976172031
trmf,0.5,56,o,0.00020586384499916334
trmf,0.5,57,overall,0.44452222415827825
trmf,0.5,57,w,0.643758874246305
trmf,0.5,57,o,0.00019938749983239743
trmf,0.5,58,overall,0.43681000533664166
trmf,0.5,58,w,0.6353307983013388
trmf,0.5,58,o,0.0002189931122125049
trmf,0.5,59,overall,0.4449741156099396
trmf,0.5,59,w,0.6462238582245448
trmf,0.5,59,o,0.00017954133533875708
trmf,0.5,6,overall,0.44530035591914263
trmf,0.5,6,w,0.6464902030104556
trmf,0.5,6,o,0.00022730055032549397
trmf,0.5,60,overall,0.4414214749255181
trmf,0.5,60,w,0.6409440568831698
trmf,0.5,60,o,0.00021168957118992932
trmf,0.5,61,overall,0.4465862326614429
trmf,0.5,61,w,0.6480595010904697
trmf,0.5,61,o,0.00017291537939834008
trmf,0.5,62,overall,0.43767886173656734
trmf,0.5,62,w,0.6330705832233623
trmf,0.5,62,o,0.00018093559371951164
trmf,0.5,63,overall,0.442582933697036
trmf,0.5,63,w,0.6393804731293319
trmf,0.5,63,o,0.0001856369602442269
trmf,0.5,64,overall,0.4447761601343173
trmf,0.5,64,w,0.6449520106260501
trmf,0.5,64,o,0.000269838242786757
trmf,0.5,65,overall,0.44218166526375896
trmf,0.5,65,w,0.6421561845170504
trmf,0.5,65,o,0.0002013728289486113
trmf,0.5,66,overall,0.44644665404364214
trmf,0.5,66,w,0.6491215730808865
trmf,0.5,66,o,0.0001826659323100653
trmf,0.5,67,overall,0.4377250937916299
trmf,0.5,67,w,0.6372857678904954
trmf,0.5,67,o,0.0002011638348155525
trmf,0.5,68,overall,0.44393527675945793
trmf,0.5,68,w,0.6407020715543232
trmf,0.5,68,o,0.00019648494619350923
trmf,0.5,69,overall,0.445879294644574
trmf,0.5,69,w,0.6431115686690231
trmf,0.5,69,o,0.00021100026174648506
trmf,0.5,7,overall,0.44295649828020245
trmf,0.5,7,w,0.6424875447904875
trmf,0.5,7,o,0.00019878602058202968
trmf,0.5,70,overall,0.4493701809311068
trmf,0.5,70,w,0.6495731390228253
trmf,0.5,70,o,0.00020197054153746352
trmf,0.5,71,overall,0.4412372617068008
trmf,0.5,71,w,0.6413925413690926
trmf,0.5,71,o,0.00026014922621382853
trmf,0.5,72,overall,0.4348809639828546
trmf,0.5,72,w,0.6315353130193876
trmf,0.5,72,o,0.00017171645970797083
trmf,0.5,73,overall,0.44537923960060355
trmf,0.5,73,w,0.6451015961564174
trmf,0.5,73,o,0.00019194149146031035
trmf,0.5,74,overall,0.44729802519437556
trmf,0.5,74,w,0.6464178899155979
trmf,0.5,74,o,0.00024842223082075155
trmf,0.5,75,overall,0.4420437893856329
trmf,0.5,75,w,0.6388154536033102
trmf,0.5,75,o,0.00020164015405679567
trmf,0.5,76,overall,0.43523599932905926
trmf,0.5,76,w,0.6335346974790802
trmf,0.5,76,o,0.00018376795007874624
trmf,0.5,77,overall,0.44223930193889505
trmf,0.5,77,w,0.6413818814015202
trmf,0.5,77,o,0.00020494023931279316
trmf,0.5,78,overall,0.443694448307263
trmf,0.5,78,w,0.642445176934828
trmf,0.5,78,o,0.00017405737612717425
trmf,0.5,79,overall,0.448008975400985
trmf,0.5,79,w,0.6475429999543401
trmf,0.5,79,o,0.00020221937236460346
trmf,0.5,8,overall,0.44504692539784746
trmf,0.5,8,w,0.645665690899868
trmf,0.5,8,o,0.0001778308367090498
trmf,0.5,80,overall,0.4384946869746603
trmf,0.5,80,w,0.6360997754748351
trmf,0.5,80,o,0.00020624344139474998
trmf,0.5,81,overall,0.4398743142823221
trmf,0.5,81,w,0.6411213551027117
trmf,0.5,81,o,0.00022701217397907636
trmf,0.5,82,overall,0.4448785767985116
trmf,0.5,82,w,0.6431204944333803
trmf,0.5,82,o,0.0001803380865082433
trmf,0.5,83,overall,0.4390472875904463
trmf,0.5,83,w,0.6377419749507388
trmf,0.5,83,o,0.00023348794740647006
trmf,0.5,84,overall,0.4468633103987884
trmf,0.5,84,w,0.6463254871382452
trmf,0.5,84,o,0.00019208601577642447
trmf,0.5,85,overall,0.4414462437811697
trmf,0.5,85,w,0.6390814167637606
trmf,0.5,85,o,0.00020201220896058912
trmf,0.5,86,overall,0.44317755811331067
trmf,0.5,86,w,0.6422407335097828
trmf,0.5,86,o,0.00018911114949054128
trmf,0.5,87,overall,0.4434695496312805
trmf,0.5,87,w,0.6422196542301016
trmf,0.5,87,o,0.00019011155334770113
trmf,0.5,88,overall,0.43985529239315335
trmf,0.5,88,w,0.6396840059295776
trmf,0.5,88,o,0.00020993706370910103
trmf,0.5,89,overall,0.4439723925232581
trmf,0.5,89,w,0.6427582032939394
trmf,0.5,89,o,0.0002030899276035123
trmf,0.5,9,overall,0.4401621131038694
trmf,0.5,9,w,0.6378184737582934
trmf,0.5,9,o,0.000225486128384121
trmf,0.5,90,overall,0.4361992599396196
trmf,0.5,90,w,0.635952964182878
trmf,0.5,90,o,0.0002359998567003557
trmf,0.5,91,overall,0.439325695687313
trmf,0.5,91,w,0.6376818624976099
trmf,0.5,91,o,0.0001792973646991382
trmf,0.5,92,overall,0.4433851900449493
trmf,0.5,92,w,0.6419664004060615
trmf,0.5,92,o,0.0001813596908444527
trmf,0.5,93,overall,0.44014630123996457
trmf,0.5,93,w,0.6402890792570303
trmf,0.5,93,o,0.0002193946673524167
trmf,0.5,94,overall,0.4469082788590907
trmf,0.5,94,w,0.6461130889966312
trmf,0.5,94,o,0.00019653193729516223
trmf,0.5,95,overall,0.44169340971533844
trmf,0.5,95,w,0.6403481581880971
trmf,0.5,95,o,0.0001914157935955968
trmf,0.5,96,overall,0.4418064093423422
trmf,0.5,96,w,0.6409657461476895
trmf,0.5,96,o,0.0002399100982480065
trmf,0.5,97,overall,0.4451766129297601
trmf,0.5,97,w,0.6453923399056521
trmf,0.5,97,o,0.00019010987629828732
trmf,0.5,98,overall,0.44561262521536665
trmf,0.5,98,w,0.6464972386792274
trmf,0.5,98,o,0.0001919517998770642
trmf,0.5,99,overall,0.4393010413300006
trmf,0.5,99,w,0.6383993987616929
trmf,0.5,99,o,0.00023713006406411597
